{
  "args": {
    "ds": [
      256,
      512,
      768
    ],
    "nus": [
      0.25,
      0.4,
      0.6,
      1.0
    ],
    "vocab": 256,
    "T": 96,
    "heads": 4,
    "seeds": 3,
    "lr": 0.0003,
    "max_steps": 8000,
    "restore_steps": 2500,
    "ee": 25,
    "restore_ee": 10,
    "thresh": 0.5,
    "out": "e2e_gptneox.json",
    "smoke": false
  },
  "results": [
    {
      "d": 256,
      "tstars": {
        "0.25": 250.0,
        "0.4": 175.0,
        "0.6": 150.0,
        "1.0": 125.0
      },
      "a_slope": 41.49377593360996,
      "t0": 79.91009681881046,
      "nu_r2": 0.9879470460383323,
      "restore_rate": {
        "none": 0.0125,
        "IND_QK": 0.1,
        "IND_OV": 0.025,
        "IND_QK+IND_OV": 0.1
      },
      "lnp": 1.0397207708399157,
      "barrier_r2": 0.6666666666666665,
      "full3_rate": 0.1,
      "best2_rate": 0.1,
      "pK": 0.12500000000000058,
      "C": 5.186721991701269
    },
    {
      "d": 512,
      "tstars": {
        "0.25": 150.0,
        "0.4": 125.0,
        "0.6": 100.0,
        "1.0": 75.0
      },
      "a_slope": 24.48132780082989,
      "t0": 56.396957123098154,
      "nu_r2": 0.9629322268326418,
      "restore_rate": {
        "none": 0.016666666666666666,
        "IND_QK": 0.1,
        "IND_OV": 0.03333333333333333,
        "IND_QK+IND_OV": 0.1
      },
      "lnp": 0.8958797346140261,
      "barrier_r2": 0.6892857973565787,
      "full3_rate": 0.1,
      "best2_rate": 0.1,
      "pK": 0.16666666666666713,
      "C": 4.0802213001383265
    },
    {
      "d": 768,
      "tstars": {
        "0.25": 125.0,
        "0.4": 100.0,
        "0.6": 75.0,
        "1.0": 75.0
      },
      "a_slope": 18.04979253112033,
      "t0": 52.38589211618254,
      "nu_r2": 0.951716333459072,
      "restore_rate": {
        "none": 0.02,
        "IND_QK": 0.1,
        "IND_OV": 0.05,
        "IND_QK+IND_OV": 0.1
      },
      "lnp": 0.804718956217048,
      "barrier_r2": 0.7420892056375838,
      "full3_rate": 0.1,
      "best2_rate": 0.1,
      "pK": 0.20000000000000087,
      "C": 3.609958506224082
    }
  ]
}