{
  "nu": 0.12,
  "seed": 1,
  "tstar": null,
  "traj": [
    [
      0,
      0.0017981152050197124
    ],
    [
      50,
      0.0014260913012549281
    ],
    [
      100,
      0.0024801588151603937
    ],
    [
      150,
      0.0018601191695779562
    ],
    [
      200,
      0.0019221231341362
    ],
    [
      250,
      0.002170138992369175
    ],
    [
      300,
      0.0020461310632526875
    ],
    [
      350,
      0.003286210587248206
    ],
    [
      400,
      0.0019841270986944437
    ],
    [
      450,
      0.001674107275903225
    ],
    [
      500,
      0.0016121033113449812
    ],
    [
      550,
      0.0018601191695779562
    ],
    [
      600,
      0.0014880953822284937
    ],
    [
      650,
      0.0020461310632526875
    ],
    [
      700,
      0.002108135027810931
    ],
    [
      750,
      0.0018601191695779562
    ],
    [
      800,
      0.002108135027810931
    ],
    [
      850,
      0.0022321429569274187
    ],
    [
      900,
      0.0017981152050197124
    ],
    [
      950,
      0.0017361112404614687
    ],
    [
      1000,
      0.0019841270986944437
    ],
    [
      1050,
      0.0017361112404614687
    ],
    [
      1100,
      0.0015500993467867374
    ],
    [
      1150,
      0.0012400794075801969
    ],
    [
      1200,
      0.0014880953822284937
    ],
    [
      1250,
      0.0019221231341362
    ],
    [
      1300,
      0.0019841270986944437
    ],
    [
      1350,
      0.0015500993467867374
    ],
    [
      1400,
      0.0020461310632526875
    ],
    [
      1450,
      0.0019221231341362
    ],
    [
      1500,
      0.002170138992369175
    ],
    [
      1550,
      0.002108135027810931
    ],
    [
      1600,
      0.0019841270986944437
    ],
    [
      1650,
      0.00241815485060215
    ],
    [
      1700,
      0.002108135027810931
    ],
    [
      1750,
      0.00241815485060215
    ],
    [
      1800,
      0.0015500993467867374
    ],
    [
      1850,
      0.002170138992369175
    ],
    [
      1900,
      0.0017361112404614687
    ],
    [
      1950,
      0.0016121033113449812
    ],
    [
      2000,
      0.0017981152050197124
    ],
    [
      2050,
      0.0015500993467867374
    ],
    [
      2100,
      0.0016121033113449812
    ],
    [
      2150,
      0.0016121033113449812
    ],
    [
      2200,
      0.0020461310632526875
    ],
    [
      2250,
      0.001674107275903225
    ],
    [
      2300,
      0.0019841270986944437
    ],
    [
      2350,
      0.001674107275903225
    ],
    [
      2400,
      0.0017361112404614687
    ],
    [
      2450,
      0.0017981152050197124
    ],
    [
      2500,
      0.0025421627797186375
    ],
    [
      2550,
      0.0022321429569274187
    ],
    [
      2600,
      0.0015500993467867374
    ],
    [
      2650,
      0.002356150886043906
    ],
    [
      2700,
      0.002356150886043906
    ],
    [
      2750,
      0.002356150886043906
    ],
    [
      2800,
      0.0019841270986944437
    ],
    [
      2850,
      0.0019221231341362
    ],
    [
      2900,
      0.001674107275903225
    ],
    [
      2950,
      0.0013020833721384406
    ],
    [
      3000,
      0.0017981152050197124
    ],
    [
      3050,
      0.0009300595847889781
    ],
    [
      3100,
      0.0022321429569274187
    ],
    [
      3150,
      0.0022941469214856625
    ],
    [
      3200,
      0.001674107275903225
    ],
    [
      3250,
      0.0020461310632526875
    ],
    [
      3300,
      0.0018601191695779562
    ],
    [
      3350,
      0.0020461310632526875
    ],
    [
      3400,
      0.0017361112404614687
    ],
    [
      3450,
      0.0020461310632526875
    ],
    [
      3500,
      0.0017981152050197124
    ],
    [
      3550,
      0.0022941469214856625
    ],
    [
      3600,
      0.0017361112404614687
    ],
    [
      3650,
      0.0017981152050197124
    ],
    [
      3700,
      0.001674107275903225
    ],
    [
      3750,
      0.001674107275903225
    ],
    [
      3800,
      0.0019221231341362
    ],
    [
      3850,
      0.0018601191695779562
    ],
    [
      3900,
      0.0014260913012549281
    ],
    [
      3950,
      0.002170138992369175
    ],
    [
      4000,
      0.0017981152050197124
    ],
    [
      4050,
      0.001674107275903225
    ],
    [
      4100,
      0.002108135027810931
    ],
    [
      4150,
      0.0022321429569274187
    ],
    [
      4200,
      0.002170138992369175
    ],
    [
      4250,
      0.0020461310632526875
    ],
    [
      4300,
      0.0018601191695779562
    ],
    [
      4350,
      0.002356150886043906
    ],
    [
      4400,
      0.0015500993467867374
    ],
    [
      4450,
      0.0017361112404614687
    ],
    [
      4500,
      0.0017981152050197124
    ],
    [
      4550,
      0.0017361112404614687
    ],
    [
      4600,
      0.001674107275903225
    ],
    [
      4650,
      0.002108135027810931
    ],
    [
      4700,
      0.002108135027810931
    ],
    [
      4750,
      0.0017981152050197124
    ],
    [
      4800,
      0.0022941469214856625
    ],
    [
      4850,
      0.0019221231341362
    ],
    [
      4900,
      0.0019841270986944437
    ],
    [
      4950,
      0.0020461310632526875
    ],
    [
      5000,
      0.0014880953822284937
    ],
    [
      5050,
      0.0017981152050197124
    ],
    [
      5100,
      0.0022321429569274187
    ],
    [
      5150,
      0.001674107275903225
    ],
    [
      5200,
      0.0014260913012549281
    ],
    [
      5250,
      0.0013020833721384406
    ],
    [
      5300,
      0.002170138992369175
    ],
    [
      5350,
      0.0017361112404614687
    ],
    [
      5400,
      0.0022941469214856625
    ],
    [
      5450,
      0.002170138992369175
    ],
    [
      5500,
      0.0025421627797186375
    ],
    [
      5550,
      0.0022941469214856625
    ],
    [
      5600,
      0.0017981152050197124
    ],
    [
      5650,
      0.0029761907644569874
    ],
    [
      5700,
      0.0017981152050197124
    ],
    [
      5750,
      0.0019221231341362
    ],
    [
      5800,
      0.0026041667442768812
    ],
    [
      5850,
      0.0032242066226899624
    ],
    [
      5900,
      0.0031622026581317186
    ],
    [
      5950,
      0.0032242066226899624
    ],
    [
      6000,
      0.0032242066226899624
    ],
    [
      6050,
      0.002666170708835125
    ],
    [
      6100,
      0.003534226445481181
    ],
    [
      6150,
      0.0029761907644569874
    ],
    [
      6200,
      0.002666170708835125
    ],
    [
      6250,
      0.003534226445481181
    ],
    [
      6300,
      0.003968254197388887
    ],
    [
      6350,
      0.002170138992369175
    ],
    [
      6400,
      0.004154266323894262
    ],
    [
      6450,
      0.004526290111243725
    ],
    [
      6500,
      0.0052083334885537624
    ],
    [
      6550,
      0.005022321827709675
    ],
    [
      6600,
      0.003286210587248206
    ],
    [
      6650,
      0.00390625
    ],
    [
      6700,
      0.003596230410039425
    ],
    [
      6750,
      0.004960317630320787
    ],
    [
      6800,
      0.003286210587248206
    ],
    [
      6850,
      0.004960317630320787
    ],
    [
      6900,
      0.003596230410039425
    ],
    [
      6950,
      0.00533234141767025
    ],
    [
      7000,
      0.00427827425301075
    ],
    [
      7050,
      0.002666170708835125
    ],
    [
      7100,
      0.0017361112404614687
    ],
    [
      7150,
      0.002356150886043906
    ],
    [
      7200,
      0.0022321429569274187
    ],
    [
      7250,
      0.0029141865670681
    ],
    [
      7300,
      0.00334821455180645
    ],
    [
      7350,
      0.003100198693573475
    ],
    [
      7400,
      0.0047743059694767
    ],
    [
      7450,
      0.0037202383391559124
    ],
    [
      7500,
      0.0034722224809229374
    ],
    [
      7550,
      0.003596230410039425
    ],
