{
  "nu": 0.12,
  "seed": 0,
  "tstar": null,
  "traj": [
    [
      0,
      0.0016121033113449812
    ],
    [
      50,
      0.002170138992369175
    ],
    [
      100,
      0.002170138992369175
    ],
    [
      150,
      0.0017361112404614687
    ],
    [
      200,
      0.002108135027810931
    ],
    [
      250,
      0.0014260913012549281
    ],
    [
      300,
      0.0022321429569274187
    ],
    [
      350,
      0.002108135027810931
    ],
    [
      400,
      0.0020461310632526875
    ],
    [
      450,
      0.0034722224809229374
    ],
    [
      500,
      0.0019221231341362
    ],
    [
      550,
      0.0016121033113449812
    ],
    [
      600,
      0.0019841270986944437
    ],
    [
      650,
      0.0027901786379516125
    ],
    [
      700,
      0.001674107275903225
    ],
    [
      750,
      0.0031622026581317186
    ],
    [
      800,
      0.0016121033113449812
    ],
    [
      850,
      0.0017361112404614687
    ],
    [
      900,
      0.0018601191695779562
    ],
    [
      950,
      0.0024801588151603937
    ],
    [
      1000,
      0.0019221231341362
    ],
    [
      1050,
      0.0019841270986944437
    ],
    [
      1100,
      0.0019221231341362
    ],
    [
      1150,
      0.002170138992369175
    ],
    [
      1200,
      0.0022941469214856625
    ],
    [
      1250,
      0.002108135027810931
    ],
    [
      1300,
      0.0018601191695779562
    ],
    [
      1350,
      0.00241815485060215
    ],
    [
      1400,
      0.0017361112404614687
    ],
    [
      1450,
      0.002356150886043906
    ],
    [
      1500,
      0.002356150886043906
    ],
    [
      1550,
      0.00241815485060215
    ],
    [
      1600,
      0.002108135027810931
    ],
    [
      1650,
      0.0019841270986944437
    ],
    [
      1700,
      0.002108135027810931
    ],
    [
      1750,
      0.0020461310632526875
    ],
    [
      1800,
      0.0019221231341362
    ],
    [
      1850,
      0.0022941469214856625
    ],
    [
      1900,
      0.0016121033113449812
    ],
    [
      1950,
      0.0020461310632526875
    ],
    [
      2000,
      0.002108135027810931
    ],
    [
      2050,
      0.0022321429569274187
    ],
    [
      2100,
      0.0014260913012549281
    ],
    [
      2150,
      0.002356150886043906
    ],
    [
      2200,
      0.0022321429569274187
    ],
    [
      2250,
      0.0016121033113449812
    ],
    [
      2300,
      0.0019221231341362
    ],
    [
      2350,
      0.0029141865670681
    ],
    [
      2400,
      0.0026041667442768812
    ],
    [
      2450,
      0.0018601191695779562
    ],
    [
      2500,
      0.002108135027810931
    ],
    [
      2550,
      0.0014880953822284937
    ],
    [
      2600,
      0.0018601191695779562
    ],
    [
      2650,
      0.002356150886043906
    ],
    [
      2700,
      0.003596230410039425
    ],
    [
      2750,
      0.0031622026581317186
    ],
    [
      2800,
      0.004216270055621862
    ],
    [
      2850,
      0.0038442462682724
    ],
    [
      2900,
      0.0037202383391559124
    ],
    [
      2950,
      0.0026041667442768812
    ],
    [
      3000,
      0.00434027798473835
    ],
    [
      3050,
      0.004588293842971325
    ],
    [
      3100,
      0.004092262126505375
    ],
    [
      3150,
      0.004960317630320787
    ],
    [
      3200,
      0.004154266323894262
    ],
    [
      3250,
      0.005084325559437275
    ],
    [
      3300,
      0.0037202383391559124
    ],
    [
      3350,
      0.003596230410039425
    ],
    [
      3400,
      0.005394345615059137
    ],
    [
      3450,
      0.004464285913854837
    ],
    [
      3500,
      0.006014385260641575
    ],
    [
      3550,
      0.0066964291036129
    ],
    [
      3600,
      0.005518353544175625
    ],
    [
      3650,
      0.007626488339155912
    ],
    [
      3700,
      0.0076884925365448
    ],
    [
      3750,
      0.00719246082007885
    ],
    [
      3800,
      0.01010664738714695
    ],
    [
      3850,
      0.007006448693573475
    ],
    [
      3900,
      0.005580357275903225
    ],
    [
      3950,
      0.007068452890962362
    ],
    [
      4000,
      0.005518353544175625
    ],
    [
      4050,
      0.007502480410039425
    ],
    [
      4100,
      0.006944444961845875
    ],
    [
      4150,
      0.007998512126505375
    ],
    [
      4200,
      0.00533234141767025
    ],
    [
      4250,
      0.006448413245379925
    ],
    [
      4300,
      0.007068452890962362
    ],
    [
      4350,
      0.008370536379516125
    ],
    [
      4400,
      0.008804564364254475
    ],
    [
      4450,
      0.01667906902730465
    ],
    [
      4500,
      0.015562997199594975
    ],
    [
      4550,
      0.0163070447742939
    ],
    [
      4600,
      0.0218874029815197
    ],
    [
      4650,
      0.0172371044754982
    ],
    [
      4700,
      0.0162450410425663
    ],
    [
      4750,
      0.019221231341362
    ],
    [
      4800,
      0.02362351305782795
    ],
    [
      4850,
      0.0194072425365448
    ],
    [
      4900,
      0.0231894850730896
    ],
    [
      4950,
      0.02566964365541935
    ],
    [
      5000,
      0.03044394962489605
    ],
    [
      5050,
      0.0296999029815197
    ],
    [
      5100,
      0.02740575559437275
    ],
    [
      5150,
      0.0289558544754982
    ],
    [
      5200,
      0.0355282761156559
    ],
    [
      5250,
      0.0326760932803154
    ],
    [
      5300,
      0.0372023843228817
    ],
    [
      5350,
      0.0395585335791111
    ],
    [
      5400,
      0.0520833358168602
    ],
    [
      5450,
      0.0505332387983799
    ],
    [
      5500,
      0.0527033768594265
    ],
    [
      5550,
      0.0486111156642437
    ],
    [
      5600,
      0.0564856193959713
    ],
    [
      5650,
      0.0541914701461792
    ],
    [
      5700,
      0.0642361119389534
    ],
    [
      5750,
      0.0616939514875412
    ],
    [
      5800,
      0.0718626007437706
    ],
    [
      5850,
      0.0703125074505806
    ],
    [
      5900,
      0.0742807611823082
    ],
    [
      5950,
      0.0792410746216774
    ],
    [
      6000,
      0.0819072499871254
    ],
    [
      6050,
      0.0712425634264946
    ],
    [
      6100,
      0.0895957425236702
    ],
    [
      6150,
      0.0905878022313118
    ],
    [
      6200,
      0.0968502014875412
    ],
    [
      6250,
      0.096726194024086
    ],
    [
      6300,
      0.0992063581943512
    ],
    [
      6350,
      0.1031746119260788
    ],
    [
      6400,
      0.1044766902923584
    ],
    [
      6450,
      0.0946800634264946
    ],
    [
      6500,
      0.1082589328289032
    ],
    [
      6550,
      0.1174975261092186
    ],
    [
      6600,
      0.1214037761092186
    ],
    [
      6650,
      0.1262400895357132
    ],
    [
      6700,
      0.1330605298280716
    ],
    [
      6750,
      0.1241319552063942
    ],
    [
      6800,
      0.1378968358039856
    ],
    [
      6850,
      0.1291542798280716
    ],
    [
      6900,
      0.1335565596818924
    ],
    [
      6950,
      0.1370287835597992
    ],
    [
      7000,
      0.1455853283405304
    ],
    [
      7050,
      0.151723712682724
    ],
    [
      7100,
      0.1506696492433548
    ],
    [
      7150,
      0.1533978283405304
    ],
    [
      7200,
      0.1500496119260788
    ],
    [
      7250,
      0.1779513955116272
    ],
    [
      7300,
      0.1644965410232544
    ],
    [
      7350,
      0.1764013022184372
    ],
    [
      7400,
      0.1885540783405304
    ],
    [
      7450,
      0.18830606341362
    ],
    [
      7500,
      0.1746651828289032
    ],
    [
      7550,
      0.19376240670681
    ],
    [
      7600,
      0.2052951455116272
    ],
    [
      7650,
      0.209077388048172
    ],
    [
      7700,
      0.2056051641702652
    ],
    [
      7750,
