{
  "args": {
    "ds": [
      256,
      320,
      384
    ],
    "nus": [
      0.25,
      0.5,
      1.0
    ],
    "vocab": 256,
    "T": 96,
    "heads": 4,
    "seeds": 3,
    "lr": 0.0005,
    "max_steps": 8000,
    "regen_steps": 9000,
    "ee": 25,
    "regen_ee": 5,
    "thresh": 0.5,
    "regen_lr": 0.0001,
    "out": "e2e_regen_cleanxw.json",
    "smoke": false
  },
  "results": [
    {
      "d": 256,
      "a_form": 94.64285714285718,
      "t0_form": 12.499999999999986,
      "a_r": {
        "0": 305.35714285714295,
        "1": 50.00000000000002,
        "2": 6.071428571428575
      },
      "t0_r": {
        "0": 22.49999999999998,
        "1": 33.33333333333333,
        "2": 2.4999999999999982
      },
      "rows": [
        [
          0,
          0.25,
          1250.0
        ],
        [
          0,
          0.5,
          615.0
        ],
        [
          0,
          1.0,
          340.0
        ],
        [
          1,
          0.25,
          235.0
        ],
        [
          1,
          0.5,
          128.33333333333334
        ],
        [
          1,
          1.0,
          86.66666666666667
        ],
        [
          2,
          0.25,
          26.666666666666668
        ],
        [
          2,
          0.5,
          15.0
        ],
        [
          2,
          1.0,
          8.333333333333334
        ]
      ],
      "p": 0.14100723717480781,
      "lnp": 1.9589440624402723,
      "lnp_r2": 0.9980627403030293,
      "C_r": {
        "0": 0.856115368561333,
        "1": 0.9941520467836256,
        "2": 0.8561153685613336
      },
      "C_r_mean": 0.9021275946354308,
      "C_r_cv": 0.07213072126801691,
      "C_form": 0.2653456990277816
    },
    {
      "d": 320,
      "a_form": 67.85714285714288,
      "t0_form": 24.99999999999999,
      "a_r": {
        "0": 224.2857142857144,
        "1": 57.38095238095242,
        "2": 8.809523809523814
      },
      "t0_r": {
        "0": 44.999999999999936,
        "1": 29.99999999999998,
        "2": 9.999999999999995
      },
      "rows": [
        [
          0,
          0.25,
          945.0
        ],
        [
          0,
          0.5,
          485.0
        ],
        [
          0,
          1.0,
          275.0
        ],
        [
          1,
          0.25,
          261.6666666666667
        ],
        [
          1,
          0.5,
          138.33333333333334
        ],
        [
          1,
          1.0,
          91.66666666666667
        ],
        [
          2,
          0.25,
          45.0
        ],
        [
          2,
          0.5,
          28.333333333333332
        ],
        [
          2,
          1.0,
          18.333333333333332
        ]
      ],
      "p": 0.19818711268601608,
      "lnp": 1.618543680966068,
      "lnp_r2": 0.9917725766050449,
      "C_r": {
        "0": 1.7459340879482421,
        "1": 2.2538166009503664,
        "2": 1.7459340879482377
      },
      "C_r_mean": 1.9152282589489487,
      "C_r_cv": 0.12500761275645242,
      "C_form": 0.5282284660989903
    },
    {
      "d": 384,
      "a_form": 50.000000000000014,
      "t0_form": 24.99999999999997,
      "a_r": {
        "0": 175.71428571428572,
        "1": 66.54761904761908,
        "2": 10.5952380952381
      },
      "t0_r": {
        "0": 35.00000000000006,
        "1": 9.16666666666667,
        "2": 9.166666666666664
      },
      "rows": [
        [
          0,
          0.25,
          740.0
        ],
        [
          0,
          0.5,
          380.0
        ],
        [
          0,
          1.0,
          215.0
        ],
        [
          1,
          0.25,
          278.3333333333333
        ],
        [
          1,
          0.5,
          133.33333333333334
        ],
        [
          1,
          1.0,
          81.66666666666667
        ],
        [
          2,
          0.25,
          51.666666666666664
        ],
        [
          2,
          0.5,
          30.0
        ],
        [
          2,
          1.0,
          20.0
        ]
      ],
      "p": 0.24555672049656846,
      "lnp": 1.4042273177141387,
      "lnp_r2": 0.9692401515875266,
      "C_r": {
        "0": 2.601731919546977,
        "1": 4.012695186475678,
        "2": 2.6017319195469764
      },
      "C_r_mean": 3.0720530085232105,
      "C_r_cv": 0.21651138852044208,
      "C_form": 0.7403302210093026
    }
  ]
}