{
  "args": {
    "ds": [
      256
    ],
    "nus": [
      0.25,
      0.5,
      1.0
    ],
    "vocab": 256,
    "T": 96,
    "heads": 4,
    "seeds": 3,
    "lr": 0.0005,
    "max_steps": 8000,
    "regen_steps": 6000,
    "ee": 25,
    "regen_ee": 5,
    "thresh": 0.5,
    "regen_lr": 0.00015,
    "out": "e2e_regen_slow.json",
    "smoke": false
  },
  "results": [
    {
      "d": 256,
      "a_form": 83.92857142857146,
      "t0_form": 37.499999999999936,
      "a_r": {
        "0": 210.00000000000003,
        "1": 38.21428571428574,
        "2": 5.000000000000003
      },
      "t0_r": {
        "0": 30.00000000000002,
        "1": 24.166666666666647,
        "2": 1.6666666666666645
      },
      "rows": [
        [
          0,
          0.25,
          875.0
        ],
        [
          0,
          0.5,
          435.0
        ],
        [
          0,
          1.0,
          250.0
        ],
        [
          1,
          0.25,
          178.33333333333334
        ],
        [
          1,
          0.5,
          96.66666666666667
        ],
        [
          1,
          1.0,
          65.0
        ],
        [
          2,
          0.25,
          21.666666666666668
        ],
        [
          2,
          0.5,
          11.666666666666666
        ],
        [
          2,
          1.0,
          6.666666666666667
        ]
      ],
      "p": 0.154303349962092,
      "lnp": 1.8688348091416835,
      "lnp_r2": 0.9974103244601175,
      "C_r": {
        "0": 0.7715167498104609,
        "1": 0.9098639455782328,
        "2": 0.7715167498104604
      },
      "C_r_mean": 0.8176324817330514,
      "C_r_cv": 0.07976382409085687,
      "C_form": 0.3083442792609836
    }
  ]
}