{
  "model": "EleutherAI/pythia-160m",
  "base": 0.5529540181159973,
  "n_ind": 22,
  "n_prev": 4,
  "rows": [
    [
      0,
      0.4,
      475.0
    ],
    [
      0,
      0.6,
      225.0
    ],
    [
      0,
      1.0,
      95.0
    ],
    [
      1,
      0.4,
      620.0
    ],
    [
      1,
      0.6,
      216.66666666666666
    ],
    [
      1,
      1.0,
      81.66666666666667
    ],
    [
      2,
      0.4,
      308.3333333333333
    ],
    [
      2,
      0.6,
      130.0
    ],
    [
      2,
      1.0,
      55.0
    ]
  ],
  "a_r": {
    "0": 255.2459016393443,
    "1": 364.0163934426231,
    "2": 170.73770491803285
  },
  "p": 0.8178719822314522,
  "lnp": 0.20104945556648485,
  "lnp_r2": 0.2817297044862064,
  "C_r": {
    "0": 139.64158516296052,
    "1": 243.49587268496637,
    "2": 139.6415851629603
  },
  "C_r_mean": 174.25968100362908,
  "C_r_cv": 0.2809449687911728
}