{
  "0.5": {
    "rho": 0.5,
    "dLstar": 1.4266588549969326,
    "tstar": 25.0,
    "n": 3
  },
  "1.0": {
    "rho": 1.0,
    "dLstar": 4.1588830833596715,
    "tstar": 25.0,
    "n": 3
  }
}