{
  "0.2": {
    "rho": 0.2,
    "dLstar": 0.6247788631383422,
    "tstar": 125.0,
    "n": 6
  },
  "0.3": {
    "rho": 0.3,
    "dLstar": 1.068281494687743,
    "tstar": 75.0,
    "n": 6
  },
  "0.4": {
    "rho": 0.4,
    "dLstar": 1.5594561149091244,
    "tstar": 50.0,
    "n": 6
  },
  "0.55": {
    "rho": 0.55,
    "dLstar": 2.373569523205238,
    "tstar": 50.0,
    "n": 6
  },
  "0.8": {
    "rho": 0.8,
    "dLstar": 3.9419363759941977,
    "tstar": 25.0,
    "n": 6
  }
}