{
  "model": "EleutherAI/pythia-160m",
  "base": 0.558844804763794,
  "n_ind": 21,
  "n_prev": 4,
  "rows": [
    [
      0,
      0.15,
      null
    ],
    [
      0,
      0.25,
      null
    ],
    [
      0,
      0.4,
      null
    ],
    [
      0,
      0.6,
      780.0
    ],
    [
      0,
      1.0,
      140.0
    ],
    [
      1,
      0.15,
      null
    ],
    [
      1,
      0.25,
      null
    ],
    [
      1,
      0.4,
      null
    ],
    [
      1,
      0.6,
      580.0
    ],
    [
      1,
      1.0,
      160.0
    ],
    [
      2,
      0.15,
      null
    ],
    [
      2,
      0.25,
      null
    ],
    [
      2,
      0.4,
      null
    ],
    [
      2,
      0.6,
      613.3333333333334
    ],
    [
      2,
      1.0,
      93.33333333333333
    ]
  ],
  "a_r": {
    "0": 960.0000000000002,
    "1": 630.0000000000002,
    "2": 780.0000000000001
  },
  "p": 0.9013878188659976,
  "lnp": 0.10381968238912198,
  "lnp_r2": 0.24298874270255377,
  "C_r": {
    "0": 703.0824987154788,
    "1": 511.8750000000005,
    "2": 703.0824987154782
  },
  "C_r_mean": 639.3466658103192,
  "C_r_cv": 0.14098154275856067
}