{
  "model": "EleutherAI/pythia-160m",
  "base": 0.0289306640625,
  "n_ind": 7,
  "n_prev": 3,
  "rows": [
    [
      0,
      0.15,
      null
    ],
    [
      0,
      0.25,
      420.0
    ],
    [
      0,
      0.4,
      440.0
    ],
    [
      0,
      0.6,
      340.0
    ],
    [
      0,
      1.0,
      240.0
    ],
    [
      1,
      0.15,
      null
    ],
    [
      1,
      0.25,
      603.3333333333334
    ],
    [
      1,
      0.4,
      343.3333333333333
    ],
    [
      1,
      0.6,
      166.66666666666666
    ],
    [
      1,
      1.0,
      133.33333333333334
    ],
    [
      2,
      0.15,
      null
    ],
    [
      2,
      0.25,
      590.0
    ],
    [
      2,
      0.4,
      266.6666666666667
    ],
    [
      2,
      0.6,
      206.66666666666666
    ],
    [
      2,
      1.0,
      120.0
    ]
  ],
  "a_r": {
    "0": 57.09543568464735,
    "1": 164.4813278008298,
    "2": 155.21438450899024
  },
  "p": 1.6487897840349401,
  "lnp": -0.5000415545747593,
  "lnp_r2": 0.706649056854974,
  "C_r": {
    "0": 255.91589151369453,
    "1": 447.14376467560857,
    "2": 255.91589151369416
  },
  "C_r_mean": 319.6585159009991,
  "C_r_cv": 0.2820062016974928
}