{
  "model": "EleutherAI/pythia-1b",
  "base": 0.87890625,
  "n_ind": 13,
  "n_prev": 2,
  "rows": [
    [
      0,
      0.15,
      null
    ],
    [
      0,
      0.25,
      null
    ],
    [
      0,
      0.4,
      null
    ],
    [
      0,
      0.6,
      null
    ],
    [
      0,
      1.0,
      60.0
    ],
    [
      1,
      0.15,
      null
    ],
    [
      1,
      0.25,
      null
    ],
    [
      1,
      0.4,
      null
    ],
    [
      1,
      0.6,
      null
    ],
    [
      1,
      1.0,
      60.0
    ],
    [
      2,
      0.15,
      null
    ],
    [
      2,
      0.25,
      null
    ],
    [
      2,
      0.4,
      null
    ],
    [
      2,
      0.6,
      null
    ],
    [
      2,
      1.0,
      26.666666666666668
    ]
  ],
  "a_r": {}
}