{
  "model": "EleutherAI/pythia-160m",
  "base": 0.0289306640625,
  "n_ind": 7,
  "n_prev": 3,
  "rows": [
    [
      0,
      0.15,
      null
    ],
    [
      0,
      0.2,
      660.0
    ],
    [
      0,
      0.3,
      540.0
    ],
    [
      0,
      0.4,
      340.0
    ],
    [
      0,
      0.5,
      320.0
    ],
    [
      0,
      0.7,
      190.0
    ],
    [
      0,
      1.0,
      160.0
    ],
    [
      1,
      0.15,
      null
    ],
    [
      1,
      0.2,
      796.6666666666666
    ],
    [
      1,
      0.3,
      443.3333333333333
    ],
    [
      1,
      0.4,
      320.0
    ],
    [
      1,
      0.5,
      306.6666666666667
    ],
    [
      1,
      0.7,
      173.33333333333334
    ],
    [
      1,
      1.0,
      140.0
    ],
    [
      2,
      0.15,
      null
    ],
    [
      2,
      0.2,
      763.3333333333334
    ],
    [
      2,
      0.3,
      470.0
    ],
    [
      2,
      0.4,
      353.3333333333333
    ],
    [
      2,
      0.5,
      276.6666666666667
    ],
    [
      2,
      0.7,
      176.66666666666666
    ],
    [
      2,
      1.0,
      106.66666666666667
    ]
  ],
  "a_r": {
    "0": 132.30924465795755,
    "1": 162.2634365875221,
    "2": 162.4309530400308
  },
  "p": 1.10799882845465,
  "lnp": -0.10255553097313413,
  "lnp_r2": 0.7537728874600182,
  "C_r": {
    "0": 179.97330567312682,
    "1": 199.20455835567873,
    "2": 179.9733056731264
  },
  "C_r_mean": 186.3837232339773,
  "C_r_cv": 0.048639974015329865
}