{
  "model": "EleutherAI/pythia-410m",
  "base": 0.546875,
  "n_ind": 23,
  "n_prev": 5,
  "rows": [
    [
      0,
      0.15,
      null
    ],
    [
      0,
      0.25,
      null
    ],
    [
      0,
      0.4,
      null
    ],
    [
      0,
      0.6,
      null
    ],
    [
      0,
      1.0,
      120.0
    ],
    [
      1,
      0.15,
      null
    ],
    [
      1,
      0.25,
      null
    ],
    [
      1,
      0.4,
      null
    ],
    [
      1,
      0.6,
      null
    ],
    [
      1,
      1.0,
      113.33333333333333
    ],
    [
      2,
      0.15,
      null
    ],
    [
      2,
      0.25,
      null
    ],
    [
      2,
      0.4,
      null
    ],
    [
      2,
      0.6,
      null
    ],
    [
      2,
      1.0,
      70.0
    ]
  ],
  "a_r": {}
}