{
  "model": "EleutherAI/pythia-410m",
  "base": 0.5595798492431641,
  "n_ind": 22,
  "n_prev": 6,
  "rows": [
    [
      1,
      0.5,
      null
    ],
    [
      1,
      0.6,
      null
    ],
    [
      1,
      0.7,
      300.0
    ],
    [
      1,
      0.85,
      190.0
    ],
    [
      1,
      1.0,
      116.66666666666667
    ],
    [
      2,
      0.5,
      null
    ],
    [
      2,
      0.6,
      null
    ],
    [
      2,
      0.7,
      700.0
    ],
    [
      2,
      0.85,
      66.66666666666667
    ],
    [
      2,
      1.0,
      63.333333333333336
    ]
  ],
  "a_r": {
    "1": 428.3637747336379,
    "2": 1555.875190258752
  },
  "p": 3.6321353065539137,
  "lnp": -1.2898207140522684,
  "lnp_r2": 1.0,
  "C_r": {
    "1": 5651.149211130107,
    "2": 5651.1492111301
  },
  "C_r_mean": 5651.149211130103,
  "C_r_cv": 5.69008043364115e-16
}