{
  "5,7": {
    "induction_scores": [
      0.54122394323349,
      0.54122394323349,
      0.54122394323349
    ],
    "ind_mean": 0.54122394323349,
    "ind_std": 0.0,
    "max_icl_pcts": [
      0.5419147692178851,
      0.5624175631500724,
      0.5681814462793436
    ],
    "wov_cosine_pairs": [
      0.8619085550308228,
      0.874287486076355,
      0.8603971004486084
    ],
    "wov_cos_mean": 0.8655310471852621
  },
  "10,0": {
    "induction_scores": [
      0.022839196026325226,
      0.017742639407515526,
      0.020309748128056526
    ],
    "ind_mean": 0.020297194520632427,
    "ind_std": 0.0020806794622555006,
    "max_icl_pcts": [
      0.2289235585205739,
      0.21856943728316142,
      0.23720963049687624
    ],
    "wov_cosine_pairs": [
      0.7245761752128601,
      0.982478141784668,
      0.7255855202674866
    ],
    "wov_cos_mean": 0.8108799457550049
  }
}