{
  "nu": 0.3,
  "seed": 0,
  "tstar": 4100,
  "traj": [
    [
      0,
      0.0
    ],
    [
      50,
      0.0
    ],
    [
      100,
      0.0
    ],
    [
      150,
      0.0
    ],
    [
      200,
      0.0
    ],
    [
      250,
      0.0
    ],
    [
      300,
      0.0
    ],
    [
      350,
      6.200397183420137e-05
    ],
    [
      400,
      0.0
    ],
    [
      450,
      0.0
    ],
    [
      500,
      0.0
    ],
    [
      550,
      6.200397183420137e-05
    ],
    [
      600,
      0.0
    ],
    [
      650,
      0.00012400794366840273
    ],
    [
      700,
      6.200397183420137e-05
    ],
    [
      750,
      0.0
    ],
    [
      800,
      0.0
    ],
    [
      850,
      0.0
    ],
    [
      900,
      0.0
    ],
    [
      950,
      0.0
    ],
    [
      1000,
      0.0
    ],
    [
      1050,
      0.0
    ],
    [
      1100,
      0.0
    ],
    [
      1150,
      6.200397183420137e-05
    ],
    [
      1200,
      0.0
    ],
    [
      1250,
      0.0
    ],
    [
      1300,
      0.0001860119227785617
    ],
    [
      1350,
      0.00012400794366840273
    ],
    [
      1400,
      0.0001860119227785617
    ],
    [
      1450,
      6.200397183420137e-05
    ],
    [
      1500,
      0.0006200397037900984
    ],
    [
      1550,
      0.0004340278101153672
    ],
    [
      1600,
      0.00024801588733680546
    ],
    [
      1650,
      0.0003720238455571234
    ],
    [
      1700,
      0.0004340278101153672
    ],
    [
      1750,
      0.0008680556202307343
    ],
    [
      1800,
      0.0006820436683483422
    ],
    [
      1850,
      0.0011160714784637094
    ],
    [
      1900,
      0.0013640873366966844
    ],
    [
      1950,
      0.0019841270986944437
    ],
    [
      2000,
      0.003534226445481181
    ],
    [
      2050,
      0.005518353544175625
    ],
    [
      2100,
      0.006510416977107525
    ],
    [
      2150,
      0.0066964291036129
    ],
    [
      2200,
      0.00818452425301075
    ],
    [
      2250,
      0.00917658768594265
    ],
    [
      2300,
      0.00917658768594265
    ],
    [
      2350,
      0.00998263992369175
    ],
    [
      2400,
      0.01116071455180645
    ],
    [
      2450,
      0.012338790111243725
    ],
    [
      2500,
      0.014198909513652325
    ],
    [
      2550,
      0.01680307649075985
    ],
    [
      2600,
      0.02046131156384945
    ],
    [
      2650,
      0.0248015895485878
    ],
    [
      2700,
      0.0261036716401577
    ],
    [
      2750,
      0.0308779776096344
    ],
    [
      2800,
      0.0341641902923584
    ],
    [
      2850,
      0.0372643880546093
    ],
    [
      2900,
      0.0435887910425663
    ],
    [
      2950,
      0.0515873059630394
    ],
    [
      3000,
      0.0635540708899498
    ],
    [
      3050,
      0.072978675365448
    ],
    [
      3100,
      0.0876116156578064
    ],
    [
      3150,
      0.1008184552192688
    ],
    [
      3200,
      0.108444944024086
    ],
    [
      3250,
      0.1169394925236702
    ],
    [
      3300,
      0.1333705484867096
    ],
    [
      3350,
      0.1484375149011612
    ],
    [
      3400,
      0.1615203469991684
    ],
    [
      3450,
      0.1892981231212616
    ],
    [
      3500,
      0.203001007437706
    ],
    [
      3550,
      0.2236483246088028
    ],
    [
      3600,
      0.2444816678762436
    ],
    [
      3650,
      0.2704613208770752
    ],
    [
      3700,
      0.297247052192688
    ],
    [
      3750,
      0.3195064663887024
    ],
    [
      3800,
      0.350694477558136
    ],
    [
      3850,
      0.3789682686328888
    ],
    [
      3900,
      0.4011037051677704
    ],
    [
      3950,
      0.4221850335597992
    ],
    [
      4000,
      0.4636656939983368
    ],
    [
      4050,
      0.4902653992176056
    ],
    [
      4100,
      0.523809552192688
    ],
    [
      4150,
      0.5455729365348816
    ],
    [
      4200,
      0.57973712682724
    ],
    [
      4250,
      0.6091270446777344
    ],
    [
      4300,
      0.6450273394584656
    ]
  ],
  "config": {
    "layers": 4,
    "hidden": 768,
    "heads": 4,
    "vocab": 50257
  }
}