{
  "nu": 0.15,
  "seed": 0,
  "tstar": 20000,
  "traj": [
    [
      0,
      0.0
    ],
    [
      50,
      0.0
    ],
    [
      100,
      0.0
    ],
    [
      150,
      0.0
    ],
    [
      200,
      0.0
    ],
    [
      250,
      6.200397183420137e-05
    ],
    [
      300,
      6.200397183420137e-05
    ],
    [
      350,
      0.0
    ],
    [
      400,
      6.200397183420137e-05
    ],
    [
      450,
      6.200397183420137e-05
    ],
    [
      500,
      0.0
    ],
    [
      550,
      0.0
    ],
    [
      600,
      0.0
    ],
    [
      650,
      0.0
    ],
    [
      700,
      0.0
    ],
    [
      750,
      0.0
    ],
    [
      800,
      0.0
    ],
    [
      850,
      6.200397183420137e-05
    ],
    [
      900,
      0.0
    ],
    [
      950,
      0.0
    ],
    [
      1000,
      0.0
    ],
    [
      1050,
      6.200397183420137e-05
    ],
    [
      1100,
      0.0
    ],
    [
      1150,
      0.0
    ],
    [
      1200,
      0.0
    ],
    [
      1250,
      0.0
    ],
    [
      1300,
      0.0
    ],
    [
      1350,
      0.0
    ],
    [
      1400,
      0.0
    ],
    [
      1450,
      0.00012400794366840273
    ],
    [
      1500,
      0.0
    ],
    [
      1550,
      0.0
    ],
    [
      1600,
      0.0
    ],
    [
      1650,
      0.00012400794366840273
    ],
    [
      1700,
      6.200397183420137e-05
    ],
    [
      1750,
      6.200397183420137e-05
    ],
    [
      1800,
      6.200397183420137e-05
    ],
    [
      1850,
      6.200397183420137e-05
    ],
    [
      1900,
      6.200397183420137e-05
    ],
    [
      1950,
      0.0
    ],
    [
      2000,
      6.200397183420137e-05
    ],
    [
      2050,
      0.0
    ],
    [
      2100,
      6.200397183420137e-05
    ],
    [
      2150,
      0.0
    ],
    [
      2200,
      6.200397183420137e-05
    ],
    [
      2250,
      0.0
    ],
    [
      2300,
      6.200397183420137e-05
    ],
    [
      2350,
      0.0
    ],
    [
      2400,
      0.0
    ],
    [
      2450,
      6.200397183420137e-05
    ],
    [
      2500,
      0.0
    ],
    [
      2550,
      0.0
    ],
    [
      2600,
      0.00012400794366840273
    ],
    [
      2650,
      0.0
    ],
    [
      2700,
      0.0
    ],
    [
      2750,
      6.200397183420137e-05
    ],
    [
      2800,
      0.0
    ],
    [
      2850,
      0.0
    ],
    [
      2900,
      0.0
    ],
    [
      2950,
      0.0
    ],
    [
      3000,
      0.0
    ],
    [
      3050,
      0.0
    ],
    [
      3100,
      0.0
    ],
    [
      3150,
      0.00012400794366840273
    ],
    [
      3200,
      0.0
    ],
    [
      3250,
      0.0
    ],
    [
      3300,
      0.0
    ],
    [
      3350,
      0.0
    ],
    [
      3400,
      0.0
    ],
    [
      3450,
      0.0
    ],
    [
      3500,
      6.200397183420137e-05
    ],
    [
      3550,
      0.0
    ],
    [
      3600,
      0.0
    ],
    [
      3650,
      0.0
    ],
    [
      3700,
      0.0
    ],
    [
      3750,
      0.0
    ],
    [
      3800,
      0.0
    ],
    [
      3850,
      0.0
    ],
    [
      3900,
      6.200397183420137e-05
    ],
    [
      3950,
      0.0
    ],
    [
      4000,
      0.0
    ],
    [
      4050,
      0.0
    ],
    [
      4100,
      0.0
    ],
    [
      4150,
      0.0
    ],
    [
      4200,
      0.0
    ],
    [
      4250,
      6.200397183420137e-05
    ],
    [
      4300,
      0.0
    ],
    [
      4350,
      6.200397183420137e-05
    ],
    [
      4400,
      0.0
    ],
    [
      4450,
      0.0
    ],
    [
      4500,
      0.0
    ],
    [
      4550,
      0.0
    ],
    [
      4600,
      6.200397183420137e-05
    ],
    [
      4650,
      0.0
    ],
    [
      4700,
      6.200397183420137e-05
    ],
    [
      4750,
      0.0
    ],
    [
      4800,
      6.200397183420137e-05
    ],
    [
      4850,
      0.0
    ],
    [
      4900,
      0.0
    ],
    [
      4950,
      0.0
    ],
    [
      5000,
      0.0
    ],
    [
      5050,
      0.0
    ],
    [
      5100,
      0.00012400794366840273
    ],
    [
      5150,
      6.200397183420137e-05
    ],
    [
      5200,
      0.0
    ],
    [
      5250,
      0.00012400794366840273
    ],
    [
      5300,
      6.200397183420137e-05
    ],
    [
      5350,
      6.200397183420137e-05
    ],
    [
      5400,
      0.0
    ],
    [
      5450,
      0.0
    ],
    [
      5500,
      6.200397183420137e-05
    ],
    [
      5550,
      6.200397183420137e-05
    ],
    [
      5600,
      0.0
    ],
    [
      5650,
      0.00012400794366840273
    ],
    [
      5700,
      0.0
    ],
    [
      5750,
      6.200397183420137e-05
    ],
    [
      5800,
      0.0
    ],
    [
      5850,
      0.0
    ],
    [
      5900,
      0.0
    ],
    [
      5950,
      0.0
    ],
    [
      6000,
      6.200397183420137e-05
    ],
    [
      6050,
      0.0
    ],
    [
      6100,
      0.0
    ],
    [
      6150,
      0.0
    ],
    [
      6200,
      6.200397183420137e-05
    ],
    [
      6250,
      6.200397183420137e-05
    ],
    [
      6300,
      0.0
    ],
    [
      6350,
      6.200397183420137e-05
    ],
    [
      6400,
      6.200397183420137e-05
    ],
    [
      6450,
      0.0
    ],
    [
      6500,
      0.0
    ],
    [
      6550,
      6.200397183420137e-05
    ],
    [
      6600,
      6.200397183420137e-05
    ],
    [
      6650,
      6.200397183420137e-05
    ],
    [
      6700,
      0.0001860119227785617
    ],
    [
      6750,
      0.0
    ],
    [
      6800,
      0.0001860119227785617
    ],
    [
      6850,
      0.00024801588733680546
    ],
    [
      6900,
      0.00012400794366840273
    ],
    [
      6950,
      0.0004960317746736109
    ],
    [
      7000,
      0.0001860119227785617
    ],
    [
      7050,
      0.0001860119227785617
    ],
    [
      7100,
      0.0001860119227785617
    ],
    [
      7150,
      0.0003720238455571234
    ],
    [
      7200,
      0.0003720238455571234
    ],
    [
      7250,
      0.00024801588733680546
    ],
    [
      7300,
      0.0001860119227785617
    ],
    [
      7350,
      0.0001860119227785617
    ],
    [
      7400,
      0.0001860119227785617
    ],
    [
      7450,
      0.00024801588733680546
    ],
    [
      7500,
      0.0004340278101153672
    ],
    [
      7550,
      0.0001860119227785617
    ],
    [
      7600,
      0.0003720238455571234
    ],
    [
      7650,
      0.0003100198518950492
    ],
    [
      7700,
      0.0004340278101153672
    ],
    [
      7750,
      0.0006820436683483422
    ],
    [
      7800,
      0.0008060516556724906
    ],
    [
      7850,
      0.0008060516556724906
    ],
    [
      7900,
      0.0009920635493472219
    ],
    [
      7950,
      0.0010540675139054656
    ],
    [
      8000,
      0.0008680556202307343
    ],
    [
      8050,
      0.0006820436683483422
    ],
    [
      8100,
      0.0012400794075801969
    ],
    [
      8150,
      0.0007440476911142468
    ],
    [
      8200,
      0.0008680556202307343
    ],
    [
      8250,
      0.0011160714784637094
    ],
    [
      8300,
      0.0011160714784637094
    ],
    [
      8350,
      0.0014880953822284937
    ],
    [
      8400,
      0.0014880953822284937
    ],
    [
      8450,
      0.0014880953822284937
    ],
    [
      8500,
      0.001178075443021953
    ],
    [
      8550,
      0.0009300595847889781
    ],
    [
      8600,
      0.0008680556202307343
    ],
    [
      8650,
      0.0009300595847889781
    ],
    [
      8700,
      0.0009920635493472219
    ],
    [
      8750,
      0.0008060516556724906
    ],
    [
      8800,
      0.0009920635493472219
    ],
    [
      8850,
      0.0009300595847889781
    ],
    [
      8900,
      0.0008680556202307343
    ],
    [
      8950,
      0.001178075443021953
    ],
    [
      9000,
