{
  "5,7": {
    "induction_scores": [
      0.54122394323349,
      0.54122394323349,
      0.54122394323349,
      0.54122394323349,
      0.54122394323349
    ],
    "ind_mean": 0.54122394323349,
    "ind_std": 0.0,
    "max_icl_pcts": [
      0.5419147692178851,
      0.5624175631500724,
      0.5681814462793436,
      0.5511863346729383,
      0.5632290911154332
    ],
    "wov_cosine_pairs": [
      0.8619085550308228,
      0.874287486076355,
      0.8775261640548706,
      0.8747004270553589,
      0.8603971004486084,
      0.8673288822174072,
      0.8653640747070312,
      0.8756288290023804,
      0.8674304485321045,
      0.874571681022644
    ],
    "wov_cos_mean": 0.8699143648147583
  },
  "10,0": {
    "induction_scores": [
      0.022839196026325226,
      0.017742639407515526,
      0.020309748128056526,
      0.017948133870959282,
      0.02225629799067974
    ],
    "ind_mean": 0.02021920308470726,
    "ind_std": 0.002112507519312602,
    "max_icl_pcts": [
      0.2289235585205739,
      0.21856943728316142,
      0.23720963049687624,
      0.21236628501063734,
      0.20719883729315386
    ],
    "wov_cosine_pairs": [
      0.7245761752128601,
      0.982478141784668,
      0.9853445887565613,
      0.7795901298522949,
      0.7255855202674866,
      0.7463122010231018,
      0.9661803245544434,
      0.9875385761260986,
      0.7801274061203003,
      0.8003045320510864
    ],
    "wov_cos_mean": 0.8478037595748902
  }
}