{
  "8,6": {
    "induction_scores": [
      0.9675192832946777,
      0.9675192832946777,
      0.9675192832946777,
      0.9675192832946777,
      0.9675192832946777
    ],
    "ind_mean": 0.9675192832946777,
    "ind_std": 0.0,
    "max_icl_pcts": [
      0.9082915295089576,
      0.9115873448477877,
      0.9116990532239844,
      0.9096302810153858,
      0.9141925301848352
    ],
    "wov_cosine_pairs": [
      0.920356035232544,
      0.9204869270324707,
      0.9229440689086914,
      0.918333113193512,
      0.9191836714744568,
      0.9237529635429382,
      0.9192251563072205,
      0.9223931431770325,
      0.9207430481910706,
      0.9202324748039246
    ],
    "wov_cos_mean": 0.9207650601863862
  },
  "20,0": {
    "induction_scores": [
      0.007470489013940096,
      0.007540870923548937,
      0.008534247055649757,
      0.002171137137338519,
      0.006922911386936903
    ],
    "ind_mean": 0.006527931103482843,
    "ind_std": 0.0022395280431961348,
    "max_icl_pcts": [
      0.21117795532151631,
      0.2113492060112338,
      0.21157863022565548,
      0.21237861124511723,
      0.2113753650863949
    ],
    "wov_cosine_pairs": [
      0.8519506454467773,
      0.8933274149894714,
      0.7935936450958252,
      0.8870512247085571,
      0.8977848291397095,
      0.7921266555786133,
      0.9040329456329346,
      0.8181801438331604,
      0.9216786623001099,
      0.8188927173614502
    ],
    "wov_cos_mean": 0.8578618884086608
  }
}