{
  "args": {
    "ds": [
      128,
      192,
      256,
      384
    ],
    "nus": [
      0.25,
      0.4,
      0.6,
      1.0
    ],
    "vocab": 256,
    "T": 96,
    "heads": 4,
    "seeds": 3,
    "lr": 0.0005,
    "max_steps": 8000,
    "restore_steps": 2500,
    "ee": 25,
    "restore_ee": 10,
    "thresh": 0.5,
    "out": "e2e_const.json",
    "smoke": false
  },
  "results": [
    {
      "d": 128,
      "tstars": {
        "0.25": 950.0,
        "0.4": 525.0,
        "0.6": 350.0,
        "1.0": 250.0
      },
      "a_slope": 237.13692946058077,
      "t0": -24.688796680497816,
      "nu_r2": 0.9847320994493878,
      "restore_rate": {
        "none": 0.005263157894736842,
        "PREV": 0.011111111111111112,
        "IND_QK": 0.02,
        "IND_OV": 0.0125,
        "PREV+IND_QK": 0.1,
        "PREV+IND_OV": 0.02,
        "IND_QK+IND_OV": 0.1,
        "PREV+IND_QK+IND_OV": 0.1
      },
      "lnp": 1.0924985880429474,
      "barrier_r2": 0.7636276731810393,
      "full3_rate": 0.1,
      "best2_rate": 0.1,
      "pK": 0.037722604923303975,
      "C": 8.945422702766892,
      "N_sites": 0.11178901581595377
    },
    {
      "d": 192,
      "tstars": {
        "0.25": 575.0,
        "0.4": 325.0,
        "0.6": 225.0,
        "1.0": 150.0
      },
      "a_slope": 142.53112033195018,
      "t0": -7.8838174273859645,
      "nu_r2": 0.9905804721097602,
      "restore_rate": {
        "none": 0.007692307692307693,
        "PREV": 0.1,
        "IND_QK": 0.03333333333333333,
        "IND_OV": 0.02,
        "PREV+IND_QK": 0.1,
        "PREV+IND_OV": 0.1,
        "IND_QK+IND_OV": 0.1,
        "PREV+IND_QK+IND_OV": 0.1
      },
      "lnp": 0.8669081894572341,
      "barrier_r2": 0.653443665418221,
      "full3_rate": 0.1,
      "best2_rate": 0.1,
      "pK": 0.07421978142078778,
      "C": 10.578628596697342,
      "N_sites": 0.09453021162990834
    },
    {
      "d": 256,
      "tstars": {
        "0.25": 400.0,
        "0.4": 225.0,
        "0.6": 150.0,
        "1.0": 125.0
      },
      "a_slope": 94.6058091286307,
      "t0": 8.195020746887945,
      "nu_r2": 0.9716272288886397,
      "restore_rate": {
        "none": 0.011111111111111112,
        "PREV": 0.1,
        "IND_QK": 0.025,
        "IND_OV": 0.02,
        "PREV+IND_QK": 0.1,
        "PREV+IND_OV": 0.1,
        "IND_QK+IND_OV": 0.1,
        "PREV+IND_QK+IND_OV": 0.1
      },
      "lnp": 0.7989505004635538,
      "barrier_r2": 0.641631847122138,
      "full3_rate": 0.1,
      "best2_rate": 0.1,
      "pK": 0.09100402875696899,
      "C": 8.609509774518227,
      "N_sites": 0.11615063182339651
    },
    {
      "d": 384,
      "tstars": {
        "0.25": 225.0,
        "0.4": 150.0,
        "0.6": 100.0,
        "1.0": 75.0
      },
      "a_slope": 51.037344398340224,
      "t0": 20.53941908713693,
      "nu_r2": 0.996443390634262,
      "restore_rate": {
        "none": 0.016666666666666666,
        "PREV": 0.1,
        "IND_QK": 0.025,
        "IND_OV": 0.02,
        "PREV+IND_QK": 0.1,
        "PREV+IND_OV": 0.1,
        "IND_QK+IND_OV": 0.03333333333333333,
        "PREV+IND_QK+IND_OV": 0.1
      },
      "lnp": 0.6060331993808372,
      "barrier_r2": 0.4791939065971109,
      "full3_rate": 0.1,
      "best2_rate": 0.1,
      "pK": 0.16233395773754944,
      "C": 8.285094108596917,
      "N_sites": 0.1206986893440792
    }
  ]
}