{
  "model": "EleutherAI/pythia-410m",
  "base": 0.546875,
  "n_ind_heads": 23,
  "n_prev_heads": 5,
  "ind_heads": [
    [
      6,
      3
    ],
    [
      7,
      1
    ],
    [
      8,
      6
    ],
    [
      8,
      7
    ],
    [
      8,
      9
    ],
    [
      9,
      0
    ],
    [
      10,
      0
    ],
    [
      10,
      3
    ],
    [
      10,
      4
    ],
    [
      10,
      9
    ],
    [
      11,
      1
    ],
    [
      11,
      2
    ],
    [
      11,
      6
    ],
    [
      11,
      14
    ],
    [
      12,
      0
    ],
    [
      14,
      0
    ],
    [
      15,
      8
    ],
    [
      16,
      1
    ],
    [
      16,
      3
    ],
    [
      16,
      5
    ],
    [
      17,
      10
    ],
    [
      18,
      8
    ],
    [
      19,
      15
    ]
  ],
  "prev_heads": [
    [
      3,
      1
    ],
    [
      4,
      9
    ],
    [
      5,
      2
    ],
    [
      5,
      9
    ],
    [
      9,
      5
    ]
  ],
  "pts": [
    [
      0,
      -4.787491742782046,
      "none"
    ],
    [
      1,
      -4.787491742782046,
      "PREV"
    ],
    [
      1,
      -5.0106352940962555,
      "IND_QK"
    ],
    [
      1,
      -4.787491742782046,
      "IND_OV"
    ],
    [
      2,
      -4.787491742782046,
      "PREV+IND_QK"
    ],
    [
      2,
      -4.499809670330265,
      "PREV+IND_OV"
    ],
    [
      2,
      -3.4011973816621555,
      "IND_QK+IND_OV"
    ],
    [
      3,
      -3.4011973816621555,
      "PREV+IND_QK+IND_OV"
    ]
  ]
}