{
  "model": "EleutherAI/pythia-160m",
  "base": 0.5529540181159973,
  "n_ind_heads": 22,
  "n_prev_heads": 4,
  "ind_heads": [
    [
      4,
      6
    ],
    [
      4,
      8
    ],
    [
      4,
      10
    ],
    [
      4,
      11
    ],
    [
      5,
      0
    ],
    [
      5,
      6
    ],
    [
      5,
      7
    ],
    [
      8,
      2
    ],
    [
      8,
      8
    ],
    [
      8,
      11
    ],
    [
      9,
      2
    ],
    [
      9,
      4
    ],
    [
      9,
      5
    ],
    [
      9,
      6
    ],
    [
      9,
      7
    ],
    [
      9,
      8
    ],
    [
      9,
      9
    ],
    [
      10,
      6
    ],
    [
      10,
      7
    ],
    [
      10,
      8
    ],
    [
      10,
      10
    ],
    [
      10,
      11
    ]
  ],
  "prev_heads": [
    [
      1,
      2
    ],
    [
      3,
      0
    ],
    [
      3,
      2
    ],
    [
      7,
      7
    ]
  ],
  "pts": [
    [
      0,
      -5.3471075307174685,
      "none"
    ],
    [
      1,
      -5.3471075307174685,
      "PREV"
    ],
    [
      1,
      -5.480638923341991,
      "IND_QK"
    ],
    [
      1,
      -4.787491742782046,
      "IND_OV"
    ],
    [
      2,
      -5.19295685089021,
      "PREV+IND_QK"
    ],
    [
      2,
      -4.499809670330265,
      "PREV+IND_OV"
    ],
    [
      2,
      -4.0943445622221,
      "IND_QK+IND_OV"
    ],
    [
      3,
      -3.4011973816621555,
      "PREV+IND_QK+IND_OV"
    ]
  ]
}