{
  "model": "EleutherAI/pythia-1b",
  "base": 0.87890625,
  "n_ind_heads": 13,
  "n_prev_heads": 2,
  "ind_heads": [
    [
      4,
      4
    ],
    [
      4,
      5
    ],
    [
      5,
      6
    ],
    [
      5,
      7
    ],
    [
      7,
      0
    ],
    [
      7,
      1
    ],
    [
      7,
      2
    ],
    [
      8,
      5
    ],
    [
      10,
      5
    ],
    [
      10,
      6
    ],
    [
      11,
      6
    ],
    [
      11,
      7
    ],
    [
      13,
      1
    ]
  ],
  "prev_heads": [
    [
      3,
      5
    ],
    [
      6,
      3
    ]
  ],
  "pts": [
    [
      0,
      -4.31748811353631,
      "none"
    ],
    [
      1,
      -4.499809670330265,
      "PREV"
    ],
    [
      1,
      -4.499809670330265,
      "IND_QK"
    ],
    [
      1,
      -4.0943445622221,
      "IND_OV"
    ],
    [
      2,
      -3.4011973816621555,
      "PREV+IND_QK"
    ],
    [
      2,
      -3.4011973816621555,
      "PREV+IND_OV"
    ],
    [
      2,
      -3.4011973816621555,
      "IND_QK+IND_OV"
    ],
    [
      3,
      -3.4011973816621555,
      "PREV+IND_QK+IND_OV"
    ]
  ]
}