{
  "model": "EleutherAI/pythia-70m",
  "base": 0.08136522769927979,
  "n_ind_heads": 5,
  "n_prev_heads": 1,
  "ind_heads": [
    [
      3,
      0
    ],
    [
      3,
      1
    ],
    [
      3,
      5
    ],
    [
      3,
      6
    ],
    [
      4,
      7
    ]
  ],
  "prev_heads": [
    [
      2,
      1
    ]
  ],
  "pts": [
    [
      0,
      -3.2188758248682006,
      "none"
    ],
    [
      1,
      -3.912023005428146,
      "PREV"
    ],
    [
      1,
      -3.2188758248682006,
      "IND_QK"
    ],
    [
      1,
      -3.2188758248682006,
      "IND_OV"
    ],
    [
      2,
      -3.912023005428146,
      "PREV+IND_QK"
    ],
    [
      2,
      -3.2188758248682006,
      "PREV+IND_OV"
    ],
    [
      2,
      -3.2188758248682006,
      "IND_QK+IND_OV"
    ],
    [
      3,
      -3.2188758248682006,
      "PREV+IND_QK+IND_OV"
    ]
  ]
}